{
  "precision": 0.9010884207461658,
  "recall": 0.949125184365844,
  "mAP50": 0.9505526315789474,
  "mAP50-95": 0.7202958437761071,
  "per_class": {
    "Eczema": {
      "mAP50": 0.995,
      "mAP50-95": 0.8152777777777779
    },
    "melanoma-disease": {
      "mAP50": 0.906105263157895,
      "mAP50-95": 0.6253139097744362
    }
  }
}