{
  "precision": 0.7663167421941213,
  "recall": 0.22937013594941838,
  "mAP50": 0.26023822975517896,
  "mAP50-95": 0.17209595103578157,
  "per_class": {
    "Eczema": {
      "mAP50": 0.5204764595103579,
      "mAP50-95": 0.34419190207156314
    },
    "melanoma-disease": {
      "mAP50": 0.0,
      "mAP50-95": 0.0
    }
  }
}